Date,Entropy_1,Entropy_2,Entropy_3,Entropy_4,Entropy_5,Entropy_6,Entropy_7,Entropy_8,Entropy_9,Entropy_10,Entropy_11,Entropy_12,Entropy_13,Entropy_14,Entropy_15,Entropy_16,Entropy_17,Entropy_18,Entropy_19,Entropy_20,Entropy_21,Entropy_22,Entropy_23,Entropy_24,Entropy_25,Entropy_26,Entropy_27,Entropy_28,Entropy_29,Entropy_30,Entropy_31,Entropy_32,Entropy_33,Entropy_34,Entropy_35,Entropy_36,Country
"Jan,20",666,666,666,666,666,666,666,666,666,666,666,666,666,666,666,666,666,666,666,666,666,666,666,666,666,666,666,666,666,666,666,666,666,666,666,666,India
"Feb,20",666,666,666,666,666,666,666,666,666,666,666,666,666,666,666,666,666,666,666,666,666,666,666,666,666,666,666,666,666,666,666,666,666,666,666,666,India
"Mar,20",0.379489622,0.444685821,0.455475529,0.405465108,0.492476485,0.393904286,0.379489622,0.336472237,0.370373788,0.36772478,0.510825624,0.553385238,0.303682414,0.271933715,0.492476485,0.364643114,0.492476485,0.455475529,0.455475529,0.381367557,0.444685821,0.370373788,0.510825624,0.475423697,0.455475529,0.52806743,0.418710335,0.303682414,0.530628251,0.405465108,0.381367557,0.379489622,0.346276237,0.519875459,0.464305608,0.464305608,India
"Apr,20",0.413975798,0.340926587,0.379931806,0.478224462,0.39111766,0.471109213,0.408359466,0.255933374,0.422559541,0.379078353,0.427444015,0.3254224,0.291434422,0.350549351,0.522189382,0.405465108,0.414275738,0.380359187,0.380359187,0.380772496,0.352821375,0.365799852,0.464305608,0.437398155,0.368995428,0.385993005,0.443205436,0.272257602,0.468834722,0.365799852,0.38260697,0.337553902,0.282111027,0.400074259,0.310154928,0.362905494,India
"May,20",0.362601404,0.287682072,0.370203096,0.269719856,0.373376794,0.309085981,0.333491608,0.284542352,0.263989715,0.271496748,0.31605852,0.271783486,0.310823601,0.28534289,0.368268258,0.310154928,0.299405536,0.2892631,0.305885978,0.31605852,0.249970794,0.299242895,0.2908022,0.353863979,0.357378921,0.263087417,0.357749635,0.239870345,0.378535696,0.310596332,0.270926159,0.392042088,0.263814591,0.343834233,0.281412459,0.254234138,India
"Jun,20",0.386378642,0.317956837,0.414943852,0.347622466,0.387337724,0.309600758,0.410708959,0.25625271,0.232302449,0.290974799,0.320644846,0.294239473,0.422414666,0.312913551,0.381886363,0.267530257,0.456651216,0.204880342,0.372279559,0.361633391,0.270831382,0.343876631,0.36189386,0.425624942,0.373779289,0.313033664,0.452867347,0.284463531,0.436074358,0.270831382,0.365750446,0.384930506,0.241990351,0.318945011,0.252702354,0.214032963,India
"Jul,20",0.693147181,0.659245629,0.568395476,0.557805833,0.629521485,0.538996501,0.525531771,0.552447298,0.415317405,0.619039208,0.664976304,0.520193374,0.563272099,0.482851772,0.708895538,0.408826456,0.615915833,0.510825624,0.61698582,0.575364145,0.473985055,0.587786665,0.550972692,0.651182981,0.626007878,0.517698503,0.44895022,0.422501295,0.671485684,0.451007129,0.513095772,0.733313222,0.651182981,0.656242624,0.573800423,0.515466003,India
"Aug,20",0.540955365,0.632928321,0.575364145,0.680075099,0.646627165,0.553101107,0.714053865,0.628608659,0.533719444,0.6398012,0.659699246,0.463734016,0.581229264,0.635253202,0.679541529,0.517256514,0.635253202,0.581229264,0.475423697,0.559615788,0.417735201,0.53256561,0.621919671,0.508649344,0.596686914,0.545386299,0.60077386,0.612608318,0.693147181,0.477627554,0.673977264,0.547115625,0.666829872,0.707331816,0.512951023,0.575364145,India
"Sep,20",0.881008918,0.785353374,0.715126087,0.78845736,0.94957671,0.837396789,0.913547246,0.591855847,0.677879708,1.030701083,0.953279301,0.910719687,1.00276433,0.740901612,0.891998039,0.594056278,0.90249741,0.657879042,0.881008918,1.285650835,0.554677506,0.878752813,0.885038188,0.784118959,0.789539026,0.635988767,0.789539026,0.67756245,0.893817876,0.62346726,0.952255881,0.965791376,1.115141591,1.069957033,0.605285825,0.693147181,India
"Oct,20",1.025490024,0.903303536,0.865859878,0.699081916,1.051780989,0.881858535,1.046987923,0.656333207,0.699153205,1.098612289,0.804372816,0.545511182,1.013314708,0.756862995,1.206408859,0.680408155,1.182311308,0.822139301,0.966843011,1.011600912,0.544931236,0.946343077,0.94260804,1.059391576,0.982876337,0.899196299,0.939742393,0.774188391,0.86081158,0.737041374,0.870481196,1.091494821,0.843087328,1.287854288,0.719122667,0.687104866,India
"Nov,20",1.20922216,0.938819845,0.84397007,0.908468006,0.987655218,0.750855498,1.120959587,0.802346473,0.885224912,1.157928866,1.214444104,0.863772698,0.942958979,0.955511445,1.120234753,0.72688532,0.945202075,0.791587253,1.025281016,1.252762968,0.550046337,1.151816325,1.244643844,1.03563749,0.797981242,0.948672141,0.838957528,0.766890655,0.943689706,1.033472986,0.748206958,1.273706142,1.066351426,1.299282984,0.785670549,0.782198958,India
"Dec,20",0.911671786,0.701942312,0.790969474,0.904347549,0.898108413,0.824668522,0.963941035,0.696750788,0.722240142,0.757330525,1.047897196,0.677398824,0.975299285,0.738240483,0.78845736,0.657807814,0.84729786,0.878414248,0.824322243,1.034631959,0.597682668,1.138054021,0.957341272,0.885740288,0.646945636,0.707382296,0.811833151,0.694931302,0.937460413,0.808259988,0.549024712,0.843674668,0.962810748,1.022488593,0.778542265,0.625324584,India
"Jan,21",1.241420692,0.954792279,1.164655701,0.866323405,1.267688619,0.744067271,1.055127177,0.912647741,1.054160526,0.853332882,1.176680662,0.964609309,0.989809429,0.741215584,1.241713132,0.907401784,1.352135442,1.054649165,0.876212508,1.268511325,0.762644975,1.280933845,1.090919943,1.106245914,0.787788688,1.110040984,0.93910541,0.810930216,0.945000838,1.019148117,0.679353858,0.826678573,1.15267951,1.239339948,1.060871961,0.791947765,India
"Feb,21",0.821357839,0.026447823,0.994373478,0.789310603,0.572342342,0.151581085,0.194527462,0.222246288,0.917446134,0.540177836,0.590114955,0.779954288,0.960162616,0.184093036,0.600056757,0.148071634,0.129444357,0.62346726,0.144808786,0.512765489,0.500973327,0.839409688,1.117615236,0.231497084,0.167991731,0.887303195,0.207639365,0.749807214,0.26539376,0.304611135,0.338325805,0.818916568,0.034858301,1.14003112,0.028031514,0.346338935,India
"Mar,21",0.326243449,0.02595224,0.257438146,0.226910034,0.799915156,0.11471398,0.173395366,0.045256592,0.423592493,0.670628317,0.149117496,0.187045231,0.726464449,0.066261584,0.382072229,0.035975102,0.136418913,0.678884734,0.554234609,0.297251523,0.584420367,0.098377944,0.445848822,0.072522476,0.065199996,0.496508749,0.16805911,0.348306694,0.333233213,0.207995224,0.120744651,0.692109298,0.003484324,0.34663824,0.015915455,0.05143466,India
"Apr,21",0.030800824,0.007857679,0.023497322,0.023032746,0.202916226,0.013035566,0.008782123,0.005994945,0.050479354,0.285008274,0.00925076,0.018718375,0.313180649,0.00972455,0.040491361,0.006460567,0.009711059,0.176456437,0.053755743,0.021546501,0.118856573,0.008321823,0.023950429,0.007850421,0.008778065,0.023475256,0.017261917,0.025413132,0.020117638,0.016799275,0.011157717,0.159880892,0.005058645,0.022504466,0.005527421,0.007850421,India
"May,21",0.563210759,0.509243345,0.737380436,0.644917397,0.59143797,0.457469893,0.803495238,0.580160317,0.41361891,0.574326262,0.70849275,0.420450979,0.649766885,0.751613639,0.714449761,0.563210759,0.611037774,0.664843404,0.574326262,0.736246373,0.499696733,0.634878272,0.61802655,0.688373902,0.531780989,0.97418471,0.759105148,0.549734859,0.693147181,0.492676305,0.507847215,0.848137844,0.668932922,0.978166136,0.781700578,0.735706795,India
"Jun,21",0.769687258,0.976915354,1.020360092,1.063520969,1.651402112,0.819027426,1.635755221,0.916290732,0.884202417,1.303406701,0.88238918,0.965080896,0.693147181,0.79728744,1.348073148,1.027153325,1.776491997,1.47590652,0.88238918,1.110882381,1.072636802,1.211940974,0.884202417,1.466337069,1.335001067,1.098612289,0.928713252,0.703299552,0.921681581,0.984201937,0.957839735,0.976915354,1.145132304,1.419084184,1.232143681,1.15267951,India
"Feb,20",1.098612289,1.098612289,1.098612289,1.098612289,1.098612289,1.098612289,1.098612289,1.098612289,1.098612289,1.098612289,1.098612289,1.098612289,1.098612289,1.098612289,1.098612289,1.098612289,1.098612289,1.098612289,1.098612289,1.098612289,1.098612289,1.098612289,1.098612289,1.098612289,1.098612289,1.098612289,1.098612289,666,1.098612289,1.098612289,666,1.098612289,666,1.098612289,1.098612289,1.098612289,Brazil
"Mar,20",0.148180513,0.151106537,0.171471541,0.15415068,0.123613956,0.14403937,0.173769275,0.153122402,0.15415068,0.165392495,0.156249316,0.153164973,0.14403937,0.169899037,0.146930432,0.161423439,0.142174489,0.171471541,0.162518929,0.125163143,0.107358518,0.177334015,0.16034265,0.184824687,0.155192889,0.174941449,0.159276268,0.111917916,0.109433841,0.172612743,0.162518929,0.168749479,0.15415068,0.148180513,0.156249316,0.10406936,Brazil
"Apr,20",0.350087639,0.328115642,0.335084311,0.294508038,0.263749306,0.271097944,0.332240919,0.344417385,0.204794413,0.320167528,0.293425914,0.275160566,0.337906957,0.292322452,0.34214199,0.287682072,0.27407642,0.300275255,0.193458259,0.270645885,0.201778729,0.300450673,0.275653497,0.267479365,0.306115774,0.293425914,0.30538165,0.304660409,0.306115774,0.339283201,0.298044859,0.333707895,0.177771663,0.317147964,0.312133168,0.266920081,Brazil
"May,20",0.405465108,0.492476485,0.507594603,0.530628251,0.541597282,0.59167772,0.47957308,0.405465108,0.353139289,0.458746475,0.41907076,0.396654478,0.326091521,0.313215374,0.530628251,0.514098949,0.496436886,0.533517035,0.307154176,0.530628251,0.341749294,0.513945751,0.545694449,0.440867035,0.507743957,0.401126707,0.566395475,0.3801473,0.530628251,0.405465108,0.435318071,0.449267731,0.29657102,0.497838428,0.554677506,0.458746475,Brazil
"Jun,20",0.510825624,0.427444015,0.427444015,0.4772588,0.376809852,0.414275738,0.439951284,0.402612039,0.316337328,0.52067792,0.282348726,0.405465108,0.472475818,0.351703931,0.500130335,0.387446603,0.390605994,0.480053965,0.287682072,0.494696242,0.278713402,0.487014975,0.452867347,0.452811229,0.424883194,0.399701403,0.427037593,0.365799852,0.411507423,0.444685821,0.396731428,0.461125955,0.315695109,0.405465108,0.408410618,0.405465108,Brazil
"Jul,20",0.47778577,0.40920343,0.451985124,0.46563363,0.484602429,0.46563363,0.513261679,0.392307024,0.296492702,0.476924072,0.336472237,0.484602429,0.27407642,0.47445798,0.555946059,0.43343896,0.478999192,0.508322494,0.281081388,0.518205731,0.344451002,0.55770921,0.520534438,0.416160397,0.489918939,0.374693449,0.483629881,0.426518517,0.405465108,0.484602429,0.457833094,0.434664263,0.294239473,0.506108634,0.420502985,0.54910781,Brazil
"Aug,20",0.675447603,1.079380927,0.831983625,0.955511445,0.731613461,1.043042438,1.098612289,1.036091932,0.519875459,0.873528873,0.593063722,1.14646831,0.831983625,0.68348527,1.247824687,0.762140052,0.920931111,0.891598119,0.648296614,0.99119204,0.586049045,1.289130613,1.033472986,1.049822124,0.902238978,0.774825212,1.034073768,1.138221427,0.896088025,0.965080896,0.916290732,1.178654996,0.554996842,1.068759326,0.863772698,1.213923135,Brazil
"Sep,20",0.561570823,0.737598943,0.79668786,0.610080582,0.880888805,0.835567521,0.763351439,0.84729786,0.559615788,0.717439873,0.476082675,0.727048732,0.526698973,0.630626824,0.884685392,0.736072225,0.802346473,0.63503955,0.489164127,0.806806499,0.563689113,0.724895879,0.678109303,0.557601689,0.717839793,0.925340567,0.870353637,0.830348302,0.773189888,0.907922482,0.55770921,0.764606145,0.734646911,0.986908299,0.924948795,0.740104164,Brazil
"Oct,20",0.701179352,1.107580959,1.058120927,0.920364057,0.838858992,0.677398824,1.368902618,0.6257059,0.742744122,1.275542997,0.646627165,0.889520491,0.920931111,0.85566611,1.047318994,0.762140052,0.793230639,0.794929875,0.651300071,1.192138347,0.651989108,0.928461267,0.937344141,1.132228899,0.944461609,0.980829253,1.395863812,0.943198185,1.192138347,0.607491736,0.953873443,1.063826173,0.825498632,1.070441412,1.14646831,0.762140052,Brazil
"Nov,20",0.667613879,0.757685702,0.830069556,0.676480128,0.624154309,0.639746404,0.851752211,0.599328425,0.635988767,0.936769263,0.504045937,0.833331153,0.668854488,0.566995895,0.817444897,0.684563437,0.578266905,0.750305594,0.555525803,0.936093359,0.592051064,0.630756888,0.90043536,0.562608309,0.791265037,0.631271777,1.023811076,0.796943974,0.860601826,0.684489118,0.876426133,0.909370289,0.556482626,0.841567186,0.705886206,0.688789875,Brazil
"Dec,20",0.406986021,0.576887374,0.685767073,0.505191806,0.459799459,0.434175214,0.640847681,0.475845905,0.529259325,0.438102037,0.467340512,0.58093519,0.632928321,0.495979116,0.612385824,0.632928321,0.400803095,0.506628346,0.49072976,0.542040643,0.556125383,0.496899314,0.66750475,0.48920316,0.371712821,0.627764421,0.527354926,0.56441964,0.706846025,0.461345567,0.576130722,0.606135804,0.527354926,0.540440544,0.498991166,0.634498453,Brazil
"Jan,21",0.291538614,0.518221785,0.560250507,0.528728915,0.386574346,0.374158203,0.584475825,0.428022456,0.40920343,0.362609679,0.435547376,0.418904528,0.505583148,0.398739311,0.480041662,0.531010977,0.352066641,0.420530172,0.409784769,0.477198797,0.459009016,0.47871557,0.467081075,0.436404792,0.307115253,0.489149077,0.486582012,0.384821497,0.505781477,0.47658661,0.496347605,0.51868936,0.46050054,0.452503482,0.451805445,0.524524468,Brazil
"Feb,21",0.265555793,0.392100271,0.384160818,0.420106658,0.338016205,0.331629612,0.434987547,0.344671952,0.360537767,0.291361929,0.366342947,0.315550971,0.415112678,0.376761703,0.331182692,0.417118554,0.257949246,0.291392652,0.35109825,0.368202449,0.415360736,0.328701092,0.371918986,0.324989125,0.269728269,0.321682433,0.3774985,0.297251523,0.406913334,0.297778533,0.403321485,0.402510896,0.361606123,0.360428055,0.349311215,0.399961517,Brazil
"Mar,21",0.198850859,0.309137007,0.252051077,0.312491378,0.279043954,0.267647382,0.320955388,0.287491506,0.302660673,0.253742793,0.31251203,0.26497334,0.280745628,0.253360842,0.266958844,0.310154928,0.214164815,0.223994253,0.218879153,0.324926246,0.305590649,0.231259208,0.274497588,0.270511785,0.219192093,0.202489733,0.285369933,0.218903262,0.301529198,0.263110812,0.271933715,0.334325289,0.334928568,0.266356055,0.245891689,0.333103861,Brazil
"Apr,21",0.156517091,0.249401736,0.218417272,0.236124263,0.234050948,0.186049427,0.21556962,0.208865863,0.206019348,0.159498286,0.240982482,0.203687685,0.245802603,0.225209363,0.188885106,0.232229136,0.196778125,0.207248663,0.180228289,0.229752048,0.203029187,0.193044471,0.204829786,0.210774688,0.20041203,0.191464746,0.229676288,0.213742777,0.211765548,0.230946445,0.202310465,0.256362509,0.248999286,0.266573109,0.200107498,0.231597352,Brazil
"May,21",0.233124535,0.305417872,0.294213118,0.317065806,0.247789823,0.248690778,0.32003406,0.252677266,0.257269603,0.204838609,0.288853523,0.233822903,0.316550056,0.327522506,0.213620833,0.301037017,0.272090448,0.291528553,0.266115676,0.339215723,0.300833501,0.273192686,0.255292554,0.306355166,0.259715124,0.255849583,0.327358959,0.293233437,0.275424013,0.309506119,0.248550527,0.342619797,0.32814011,0.28885588,0.251027464,0.298449337,Brazil
"Jun,21",0.502091944,0.664159644,0.449169542,0.634306681,0.528391947,0.535244151,0.637577329,0.538996501,0.693147181,0.582284588,0.554561017,0.579312038,0.534923175,0.649344558,0.480585739,0.715620036,0.528643467,0.562932541,0.592051064,0.610909082,0.498991166,0.620024916,0.642594901,0.604954469,0.450201002,0.47656103,0.56710646,0.524524468,0.587786665,0.499396928,0.520534438,0.515309936,0.700582159,0.584737882,0.508575904,0.513175801,Brazil
"Jan,20",1.386294361,666,666,1.609437912,0.693147181,0.693147181,0.693147181,0.916290732,666,666,666,0.84729786,666,666,666,0.84729786,666,666,666,666,666,666,1.386294361,1.386294361,1.386294361,1.386294361,0.693147181,0.470003629,1.386294361,1.386294361,666,1.098612289,0.336472237,666,666,0.693147181,Canada
"Mar,20",0.119433473,0.118650715,0.124703479,0.131045684,0.110821084,0.12661095,0.118529902,0.117022455,0.113259603,0.119407731,0.115952815,0.118541555,0.118106922,0.079258198,0.110720406,0.124527323,0.108409299,0.099499832,0.082020389,0.087321695,0.112680984,0.096689253,0.122639772,0.128309449,0.129598251,0.125742517,0.123590953,0.081731897,0.117998762,0.118650715,0.090971778,0.094719138,0.118432597,0.096492313,0.101843903,0.122791212,Canada
"Apr,20",0.12564917,0.119761987,0.107696495,0.124093936,0.101448491,0.099629841,0.125889096,0.117602937,0.109584808,0.103605989,0.115616188,0.108234081,0.117963688,0.097675179,0.119670592,0.108503272,0.111097673,0.106240833,0.097382275,0.100311821,0.117511333,0.094178478,0.121431343,0.125746829,0.123671,0.130315789,0.118144896,0.099479548,0.113619003,0.126321556,0.11569127,0.114169009,0.120422881,0.102168175,0.111946356,0.109562203,Canada
"May,20",0.224444224,0.187760047,0.228258652,0.194156014,0.217168288,0.18164382,0.201238716,0.166146918,0.238999894,0.165514438,0.212606046,0.202558914,0.196563914,0.185027918,0.181650641,0.212112468,0.210805594,0.172371226,0.163887855,0.173634566,0.202524264,0.191956869,0.215178722,0.195973646,0.146428634,0.241638134,0.246653559,0.140980217,0.222277375,0.217168288,0.173000584,0.172058265,0.175380527,0.190518324,0.221461465,0.191055237,Canada
"Jun,20",0.582605306,0.477627554,0.639079959,0.610909082,0.515164025,0.418710335,0.462623522,0.49365782,0.53329848,0.667171694,0.576887374,0.411296028,0.531879033,0.523248144,0.653926467,0.584933596,0.748717032,0.49365782,0.606135804,0.626897795,0.450201002,0.707331816,0.652873281,0.576887374,0.405465108,0.510825624,0.601579987,0.524070851,0.665748206,0.603916047,0.460524885,0.617161274,0.497402603,0.73511138,0.584933596,0.542864978,Canada
"Jul,20",0.324151752,0.37430994,0.372809145,0.182321557,0.256619481,0.297576146,0.304211374,0.226184608,0.316431486,0.368193713,0.38242744,0.181567124,0.273624333,0.334799995,0.343876631,0.291580713,0.409675641,0.334799995,0.325108478,0.27827972,0.31449333,0.359719086,0.362114667,0.313446209,0.186190034,0.322168249,0.285018955,0.21815601,0.318955865,0.284975711,0.353139289,0.294452579,0.240429188,0.229185866,0.2706993,0.328969075,Canada
"Aug,20",0.398763895,0.269004796,0.374258572,0.286088447,0.311981217,0.283321312,0.373146317,0.205161049,0.350895564,0.310588439,0.432762088,0.220828735,0.225760212,0.386670981,0.343801741,0.309188278,0.299986256,0.335260849,0.384219999,0.245717873,0.234290631,0.362529963,0.361697034,0.223143551,0.264124312,0.327016475,0.36911987,0.219954681,0.375683276,0.240628068,0.261785728,0.294666967,0.208611311,0.30207081,0.277012143,0.362981902,Canada
"Sep,20",0.314157746,0.330854244,0.288066614,0.303380982,0.28610354,0.27200777,0.33029351,0.250315926,0.258381596,0.249126796,0.298697133,0.271637901,0.171132948,0.296346955,0.30200952,0.268531736,0.234637931,0.287287673,0.304708815,0.172496275,0.189722146,0.223999105,0.35364004,0.151898427,0.295392211,0.323116445,0.28729679,0.262836074,0.263880565,0.192783331,0.305212402,0.229391797,0.277914462,0.280336205,0.285739192,0.296346955,Canada
"Oct,20",0.416448743,0.447105665,0.556050722,0.5152754,0.453017648,0.360535677,0.441832752,0.38003367,0.353549497,0.403941879,0.447981114,0.322494141,0.414514944,0.366639239,0.471178487,0.36927534,0.41395031,0.313710245,0.38003367,0.446159299,0.278643922,0.446162484,0.492290974,0.300104592,0.389512626,0.345659439,0.472859026,0.342366163,0.345188615,0.341019047,0.451274644,0.426206592,0.493961818,0.446038625,0.41000713,0.465586838,Canada
"Nov,20",0.331102066,0.501167302,0.502663863,0.464280029,0.406300181,0.330821565,0.444936279,0.423937506,0.41191403,0.442522343,0.485014145,0.330193646,0.462556906,0.414912247,0.489428411,0.461171329,0.448559235,0.267929231,0.361602057,0.395879933,0.429741611,0.515309936,0.531879033,0.36113426,0.363911268,0.383254312,0.433635985,0.412187823,0.33182182,0.398731076,0.470003629,0.439863763,0.389622111,0.397180057,0.468068181,0.445117242,Canada
"Dec,20",0.438801528,0.59559089,0.459117822,0.509984227,0.443931389,0.373371512,0.439885332,0.43599037,0.393595533,0.409946072,0.378172024,0.404970426,0.403991268,0.42494064,0.522863602,0.491291813,0.357808249,0.330263179,0.390175045,0.427180675,0.365474319,0.507464276,0.504994703,0.442895779,0.355832484,0.478002851,0.477061663,0.427744511,0.339187785,0.43559485,0.421493068,0.534082486,0.45836576,0.479921735,0.493948291,0.500146397,Canada
"Jan,21",0.494422541,0.496622674,0.457601928,0.495974573,0.505977475,0.408459763,0.532478553,0.508978639,0.373457355,0.400126067,0.51010594,0.462949676,0.387254244,0.428375863,0.517383024,0.500926683,0.387584683,0.364712081,0.42315309,0.458218339,0.418830256,0.448451982,0.511548951,0.354446229,0.327406922,0.489638391,0.452967442,0.481635645,0.39022632,0.453651225,0.412703803,0.498211184,0.502690276,0.496961327,0.533190073,0.483787385,Canada
"Feb,21",0.381921261,0.422667886,0.373502757,0.448751354,0.343312446,0.352730828,0.508004747,0.473676837,0.411190602,0.388410207,0.496479303,0.293690425,0.422129636,0.356760337,0.569834177,0.371236229,0.368935434,0.329122265,0.333576202,0.41714014,0.422154121,0.488664052,0.448628405,0.386250543,0.369171387,0.44163209,0.396496438,0.480697661,0.497761305,0.367982015,0.335061468,0.361445426,0.482789192,0.488574041,0.393561934,0.415948954,Canada
"Mar,21",0.174856303,0.183368129,0.16863313,0.182664434,0.179270422,0.185013906,0.204534165,0.199155035,0.183989614,0.176769985,0.194440385,0.134759019,0.212992941,0.127132182,0.175561314,0.173030603,0.118754627,0.10145317,0.151262223,0.180943197,0.167302543,0.186815946,0.197874624,0.195674561,0.15869322,0.199007638,0.152704917,0.191037185,0.185643129,0.172965802,0.131613567,0.199015397,0.222000041,0.219640769,0.175391809,0.199284454,Canada
"Apr,21",0.164315688,0.195431881,0.157228761,0.198394391,0.184468632,0.144036869,0.237066466,0.205703509,0.214063909,0.169118302,0.179133456,0.136238169,0.204347005,0.126663844,0.167045987,0.177157439,0.117320791,0.096836456,0.165793703,0.185926193,0.158191089,0.165939455,0.200900187,0.189910293,0.15870069,0.17244195,0.159067733,0.191219753,0.188303202,0.152176055,0.135536902,0.186293334,0.188324982,0.21698339,0.164271227,0.196007713,Canada
"May,21",0.246497407,0.324608903,0.263150998,0.30996476,0.279185379,0.240223742,0.306072745,0.334957595,0.206014669,0.263146785,0.287544851,0.229749773,0.341639769,0.263999588,0.301015603,0.302943132,0.226196989,0.228248208,0.261209339,0.26659384,0.257537224,0.287960121,0.333571706,0.318612373,0.212284808,0.281715219,0.347305676,0.344511352,0.312598424,0.321641193,0.200716104,0.320628208,0.263643433,0.368098804,0.288381716,0.346840265,Canada
"Feb,20",0.693147181,0.693147181,0.405465108,0.693147181,0.693147181,0.470003629,0.693147181,0.810930216,0.470003629,0.693147181,0.693147181,0.693147181,0.693147181,0.84729786,0.693147181,0.405465108,0.470003629,0.810930216,0.84729786,0.84729786,0.693147181,0.84729786,0.693147181,0.693147181,0.693147181,0.470003629,0.356674944,0.810930216,0.693147181,0.693147181,0.84729786,0.84729786,0.84729786,0.693147181,0.693147181,0.693147181,England
"Mar,20",0.185649347,0.161872726,0.18698357,0.169163472,0.164223513,0.163992203,0.188090377,0.167154764,0.16857716,0.155257487,0.180330185,0.150518275,0.137585663,0.088079183,0.172676589,0.148899423,0.167551523,0.164342559,0.084805882,0.090049553,0.148683198,0.093273628,0.156145422,0.17857169,0.149602323,0.158161624,0.090514008,0.08914585,0.176145975,0.170392986,0.096813455,0.131050002,0.155453612,0.155791369,0.183646938,0.184782683,England
"Apr,20",0.167129719,0.13630401,0.164303051,0.145272744,0.150136,0.125714031,0.158306962,0.150725181,0.132288899,0.14005148,0.155675176,0.136424554,0.124340098,0.110888042,0.143642702,0.131111013,0.149665594,0.145467557,0.101738963,0.107453995,0.119629758,0.110409309,0.137952136,0.15054157,0.125870299,0.152288289,0.108003007,0.117475201,0.157283187,0.155329476,0.122440706,0.121585908,0.142940266,0.140363035,0.146407998,0.151792352,England
"May,20",0.356301042,0.329573014,0.346587742,0.297547046,0.31621838,0.290216928,0.371956819,0.333052531,0.320413875,0.337770095,0.344377416,0.33394059,0.251314428,0.304269096,0.386441904,0.301830218,0.325520898,0.343064218,0.293203429,0.280115832,0.298327266,0.310272086,0.331402517,0.326327788,0.361625903,0.362905494,0.309564784,0.305290429,0.35835264,0.317190307,0.315270029,0.236219802,0.316544726,0.324211747,0.34560472,0.328141025,England
"Jun,20",0.175793791,0.160482461,0.190035094,0.224708425,0.210559075,0.165420951,0.201633507,0.211072796,0.189046823,0.204727496,0.207807211,0.204909786,0.180580155,0.198007578,0.226899682,0.219865457,0.186613877,0.19698058,0.172822349,0.191988384,0.175211756,0.216311368,0.216248224,0.18449311,0.17602863,0.200832442,0.199663666,0.195734792,0.18441989,0.206608308,0.193072786,0.172075345,0.19462691,0.208339165,0.200305532,0.225154337,England
"Jul,20",0.339099297,0.329283707,0.332652753,0.376506029,0.383398014,0.363792412,0.337477767,0.301421248,0.333121489,0.388404985,0.39095397,0.287027408,0.3620776,0.323581627,0.376707549,0.389034567,0.350042591,0.329114144,0.31449333,0.351344671,0.324970014,0.407004754,0.355406534,0.356530216,0.331745027,0.372318368,0.337267782,0.333144447,0.369402914,0.344899253,0.346380315,0.340082349,0.352706685,0.409597345,0.336472237,0.421943339,England
"Aug,20",0.351780735,0.419098446,0.347627208,0.424141895,0.445621068,0.305842214,0.363846359,0.419182183,0.331212261,0.335017573,0.394388072,0.33751153,0.311652345,0.402250963,0.479102426,0.506850565,0.52527376,0.297680156,0.265241284,0.440541597,0.298301165,0.440251224,0.473276955,0.338832744,0.355750729,0.38304672,0.450430406,0.392476615,0.368785226,0.298859887,0.384575062,0.5288811,0.358057273,0.439758905,0.370793375,0.414805278,England
"Sep,20",0.257442187,0.245875832,0.246771726,0.268738257,0.288205167,0.230307501,0.234330009,0.274726299,0.20727761,0.273654835,0.240445365,0.253825809,0.227923241,0.299371307,0.270794607,0.344458407,0.368005226,0.216801199,0.192887078,0.295943956,0.204844317,0.261990328,0.273727754,0.209929212,0.27402251,0.252675049,0.298650333,0.266528482,0.25133674,0.197131974,0.277581761,0.281058161,0.270703382,0.288991762,0.197150112,0.273484988,England
"Oct,20",0.197760064,0.203568681,0.216804448,0.208053823,0.209303368,0.184356783,0.1922499,0.222558014,0.178863125,0.214983102,0.213279946,0.190898828,0.229913631,0.226494492,0.193368285,0.238117009,0.246701373,0.17914514,0.148773803,0.212185866,0.174791342,0.202704548,0.198173729,0.183773582,0.212997494,0.193758777,0.213425904,0.176913164,0.200108944,0.20143202,0.212361047,0.20574381,0.216298472,0.230650624,0.16654286,0.20862895,England
"Nov,20",0.176717874,0.21434283,0.165446481,0.212951089,0.185148444,0.17647409,0.221339802,0.178033804,0.174459129,0.189825479,0.209123466,0.17858142,0.24542276,0.241227358,0.205369952,0.243327972,0.2508954,0.190313536,0.158319505,0.213304601,0.182221854,0.205984065,0.20320204,0.186532813,0.194616587,0.166160949,0.215003116,0.149906792,0.203331098,0.17594534,0.197861405,0.194784512,0.227652231,0.197745806,0.179968381,0.209098426,England
"Dec,20",0.099692209,0.149410622,0.103035928,0.154347322,0.122046777,0.118998715,0.175428701,0.102215041,0.129444491,0.113435314,0.141569303,0.128394387,0.166291928,0.169257607,0.145911385,0.158525785,0.16574999,0.142817548,0.115203296,0.151969654,0.114526876,0.134939213,0.15317839,0.134871823,0.119730759,0.117535084,0.12248929,0.08617158,0.146911394,0.112210276,0.128271105,0.11683321,0.158838315,0.131498236,0.145143059,0.144770654,England
"Jan,21",0.073839944,0.088067601,0.067295959,0.087725746,0.083247734,0.073699088,0.098236754,0.07133141,0.072721463,0.075989805,0.092605593,0.075365582,0.092950233,0.094083595,0.094616261,0.089682059,0.086225064,0.087919932,0.075967331,0.088177384,0.073459994,0.09389011,0.094269677,0.085519513,0.076743398,0.073294981,0.076855737,0.065006761,0.096783497,0.083002275,0.073890893,0.0820916,0.080086044,0.087396059,0.082974686,0.088900676,England
"Feb,21",0.091260703,0.092248056,0.085411519,0.093525348,0.092894068,0.080511033,0.097812945,0.078646748,0.079834419,0.086306699,0.088906974,0.081715852,0.094914355,0.099542274,0.106801823,0.086820507,0.086375344,0.096131858,0.081762211,0.090693807,0.076420176,0.096782707,0.095749398,0.08732846,0.08750322,0.075581336,0.095695498,0.081118399,0.103974256,0.089460328,0.081976313,0.092985195,0.068619845,0.094663681,0.083593043,0.09593183,England
"Mar,21",0.07519593,0.08417359,0.082465544,0.079310726,0.081857431,0.070273937,0.083098386,0.074031184,0.055142068,0.074101827,0.075419436,0.060877297,0.079951142,0.085593973,0.084860515,0.071807735,0.079748016,0.086642553,0.068441072,0.083586614,0.07165656,0.089745348,0.081079982,0.080086032,0.071441935,0.068474241,0.089097772,0.077371271,0.094524536,0.081391033,0.069488433,0.083487725,0.030490961,0.080460527,0.075152235,0.079483256,England
"Apr,21",0.085844047,0.095808371,0.097276104,0.104955977,0.063259588,0.089728265,0.113784293,0.092708974,0.063138789,0.061912034,0.087754264,0.082449845,0.090778607,0.094355545,0.078054788,0.094771614,0.086692669,0.097211707,0.0846985,0.100779927,0.069474326,0.113299909,0.095862613,0.103380807,0.058078633,0.091201291,0.109352757,0.09274081,0.10861596,0.084173375,0.074744405,0.087483919,0.038637348,0.093692326,0.093575994,0.094500219,England
"May,21",0.083447739,0.090294914,0.071036078,0.091633472,0.034847779,0.060866665,0.089369735,0.08207851,0.024362287,0.034846731,0.043630531,0.072835778,0.074402227,0.067013679,0.048426123,0.076296483,0.053376791,0.055310946,0.066670877,0.082945304,0.031514845,0.072739234,0.088919781,0.054435379,0.024653257,0.07991847,0.081343955,0.058721398,0.091107082,0.082377175,0.046956271,0.058617576,0.064120257,0.080514822,0.075428682,0.078385635,England
"Jun,21",0.09149362,0.08597573,0.086380494,0.070504752,0.045145054,0.050651205,0.082814673,0.072382193,0.034175353,0.049440197,0.057354132,0.069805285,0.077534198,0.052771984,0.050581212,0.069612481,0.063400519,0.074549311,0.078635098,0.069496643,0.037882035,0.087899864,0.083838587,0.070756916,0.046991204,0.076189771,0.074557122,0.069829759,0.070552442,0.087186426,0.058735908,0.071249071,0.058542827,0.077602296,0.068630334,0.07993138,England
"Jan,20",666,666,666,666,666,666,1.098612289,666,666,1.098612289,666,666,666,666,666,666,666,0.693147181,666,666,666,666,666,666,666,666,666,666,666,0.510825624,666,666,666,666,1.098612289,666,France
"Feb,20",0.133531393,0.133531393,0.133531393,0.133531393,0.133531393,0.133531393,0.133531393,0.133531393,0.133531393,0.133531393,0.133531393,0.133531393,0.133531393,0.133531393,0.133531393,0.133531393,0.133531393,0.133531393,0.133531393,0.133531393,0.133531393,0.133531393,0.133531393,0.133531393,0.133531393,0.133531393,0.133531393,0.133531393,0.133531393,0.133531393,0.133531393,0.133531393,0.133531393,0.133531393,0.133531393,0.133531393,France
"Mar,20",0.107718249,0.086668383,0.10472337,0.087530992,0.093975193,0.092064973,0.087690033,0.097009736,0.083216306,0.099372474,0.103017347,0.093600615,0.093975193,0.099372474,0.104934893,0.093564132,0.096460266,0.101506946,0.08596699,0.085454149,0.07973123,0.081313356,0.102190941,0.089612159,0.099777508,0.099777508,0.112940411,0.082399532,0.103226043,0.099372474,0.077109475,0.110996776,0.088233551,0.08907963,0.087011377,0.0907921,France
"Apr,20",0.123323216,0.105052776,0.131927543,0.105052776,0.11234824,0.100514958,0.12498101,0.128342796,0.094490843,0.107193697,0.120556963,0.102654154,0.129976184,0.114326413,0.111225635,0.129976184,0.121889818,0.121271006,0.107505453,0.102880663,0.094490843,0.090971778,0.120203089,0.094490843,0.113659318,0.121631213,0.111225635,0.102947969,0.125345808,0.122961711,0.090971778,0.112999972,0.119188517,0.123323216,0.122961711,0.113991889,France
"May,20",0.361013346,0.3254224,0.348306694,0.236388778,0.192371893,0.27029033,0.297251523,0.374693449,0.236388778,0.374693449,0.287682072,0.27029033,0.348306694,0.278713402,0.348306694,0.297251523,0.229574442,0.3074847,0.336472237,0.348306694,0.3074847,0.374693449,0.236388778,0.348306694,0.197825743,0.297251523,0.3074847,0.243622083,0.361013346,0.278713402,0.278713402,0.336472237,0.348306694,0.3074847,0.243622083,0.287682072,France
"Jun,20",0.405465108,0.405465108,0.427444015,0.470003629,0.251314428,0.462623522,0.36772478,0.328504067,0.300104592,0.336472237,0.405465108,0.328504067,0.470003629,0.470003629,0.336472237,0.313657559,0.300104592,0.550046337,0.36772478,0.351397887,0.446287103,0.328504067,0.427444015,0.405465108,0.424883194,0.427444015,0.405465108,0.405465108,0.470003629,0.328504067,0.300104592,0.424883194,0.241162057,0.313657559,0.470003629,0.405465108,France
"Jul,20",1.386294361,0.820980552,1.232143681,1.466337069,1.299282984,1.481604541,0.7282385,0.934309237,0.993251773,1.435084525,0.820980552,1.749199855,1.252762968,1.386294361,0.916290732,2.995732274,1.526056303,1.232143681,2.251291799,1.427116356,1.427116356,2.890371758,1.232143681,1.098612289,0.737598943,1.098612289,1.749199855,1.029619417,1.84582669,1.145132304,1.704748092,0.810930216,0.619039208,1.021651248,0.897941593,1.832581464,France
"Aug,20",0.959775844,1.136352617,0.871395412,0.773189888,0.80821651,0.619039208,0.489051824,0.735706795,0.662687973,0.893817876,0.977251432,0.693147181,0.768048489,0.484245986,1.063520969,1.031920914,0.887303195,0.887303195,0.910560057,1.098612289,0.596816072,0.723300219,0.877718457,0.567377793,0.928713252,1.098612289,0.832909123,0.579818495,0.776528789,0.884202417,1.00144854,0.921988753,0.821980052,0.939547594,0.881547783,0.769687258,France
"Sep,20",0.543615447,0.505331104,0.521296924,0.586175061,0.549504478,0.449737932,0.405465108,0.516006983,0.394415272,0.526698973,0.490364552,0.47957308,0.345269947,0.445311017,0.65981076,0.547965171,0.497580397,0.447697872,0.312872321,0.502793452,0.524811866,0.463961315,0.619039208,0.271496748,0.474739234,0.591097926,0.577315365,0.508119262,0.413012314,0.513453746,0.377294231,0.582799123,0.280513583,0.491725452,0.463961315,0.467023001,France
"Oct,20",0.446287103,0.515309936,0.398907708,0.552068582,0.544004022,0.493086799,0.482157729,0.473985055,0.460651524,0.534082486,0.544727175,0.666829872,0.451985124,0.387765531,0.482157729,0.457833094,0.488097373,0.462241624,0.310154928,0.517943092,0.545916944,0.513175801,0.46864401,0.456758402,0.456758402,0.54910781,0.554561017,0.474208261,0.519578415,0.519875459,0.438913042,0.597837001,0.34560472,0.503905181,0.412109651,0.492476485,France
"Nov,20",0.765906535,0.666944808,0.653926467,0.612517446,0.549504478,0.693147181,0.693147181,0.78495473,0.376051223,0.503103578,0.667394684,0.660357358,0.637797085,0.563689113,0.527354926,0.488352768,0.650587566,0.720546155,0.567984038,0.739238288,0.476476144,0.574430874,0.636907462,0.553385238,0.771790308,0.601797402,0.872195412,0.622529613,0.626455806,0.656779536,0.508224842,0.720054633,0.409289205,0.693147181,0.526698973,0.685179011,France
"Dec,20",0.603198944,0.664326742,0.581651676,0.653926467,0.6525619,0.497173535,0.63285495,0.602418327,0.517943092,0.598836501,0.767255153,0.593326845,0.61146915,0.63414884,0.619039208,0.343392679,0.898999235,0.658858107,0.573673527,0.829279355,0.544536681,0.746572347,0.715620036,0.481303184,0.734450987,0.704320481,0.716404043,0.635388346,0.563768043,0.585626837,0.570142201,0.664655225,0.471062391,0.78495473,0.644091024,0.708978646,France
"Jan,21",0.592911596,0.881804556,0.635988767,0.933288308,0.870077889,0.646934337,0.965946322,0.80107792,0.810930216,0.42664593,0.853041702,0.670455769,0.724345551,0.77437262,0.789823481,0.816045317,0.824175443,0.902638643,0.562857282,1.010717909,0.757226037,0.916290732,0.905708623,0.716212453,0.677298988,0.647237479,0.960350722,0.815295129,0.800330851,0.719292461,0.565944923,0.728016006,0.680075099,0.849545052,0.88831688,0.823383677,France
"Feb,21",0.371883778,0.472880692,0.368891369,0.492374916,0.490847157,0.278827756,0.464819351,0.428880281,0.366138737,0.305835267,0.424883194,0.382208246,0.445175374,0.40272463,0.327353632,0.486340571,0.390818793,0.373903248,0.433729666,0.438530603,0.318586436,0.418933325,0.387997415,0.405465108,0.307740051,0.295431319,0.461650096,0.381406209,0.425137874,0.451825341,0.32241035,0.411371166,0.307693272,0.438913042,0.43272688,0.412244795,France
"Mar,21",0.192227374,0.220295899,0.187497758,0.259080452,0.258879871,0.20338171,0.265842809,0.218147127,0.205056667,0.191097042,0.23526127,0.204730664,0.246277064,0.234993591,0.227462345,0.277325517,0.237042456,0.221104206,0.209022901,0.241618074,0.178330324,0.242796489,0.226443059,0.221005683,0.190594489,0.214729743,0.214435798,0.224755155,0.239153621,0.246788181,0.187811122,0.223691619,0.20375882,0.231948891,0.235387677,0.232254888,France
"Apr,21",0.166263079,0.179731611,0.162063139,0.218042945,0.20288707,0.16746464,0.219162126,0.200343767,0.165387606,0.171497531,0.207560436,0.18995127,0.238585665,0.217365574,0.186371748,0.230347147,0.193493586,0.157063422,0.193889736,0.205541368,0.171136186,0.218724531,0.191995316,0.197144776,0.14544246,0.190410464,0.17312902,0.190469217,0.218534593,0.19401012,0.168944864,0.207255695,0.203028696,0.210106881,0.215106834,0.199048023,France
"May,21",0.21313255,0.230167833,0.248482745,0.272350608,0.209693092,0.216502846,0.285459355,0.237357664,0.195270142,0.172086521,0.250170509,0.237586503,0.287014738,0.272142001,0.219387795,0.275147743,0.219117417,0.210090847,0.230713988,0.254339284,0.182058693,0.291081825,0.237416988,0.249771346,0.155074016,0.247326387,0.250177338,0.230320416,0.272340455,0.248636035,0.190343079,0.251692366,0.253436078,0.282669531,0.268187207,0.246361283,France
"Jun,21",0.454592939,0.425980373,0.464459703,0.53706786,0.287260754,0.448791933,0.49126671,0.450213809,0.260980703,0.25312095,0.366569545,0.476998546,0.523375703,0.449107148,0.348360808,0.502999983,0.43435526,0.429160527,0.433692789,0.539095232,0.282838428,0.561158073,0.541043584,0.413562318,0.218329504,0.482357939,0.458354572,0.434768738,0.519199555,0.501916879,0.370261473,0.488673166,0.471085295,0.456829625,0.472028605,0.453605483,France
"Jan,20",0.405465108,0.405465108,0.405465108,0.405465108,0.405465108,0.405465108,0.405465108,0.405465108,0.405465108,0.405465108,0.405465108,0.405465108,0.405465108,0.405465108,0.405465108,0.405465108,0.405465108,0.405465108,0.405465108,0.405465108,0.405465108,0.405465108,0.405465108,0.405465108,0.405465108,0.405465108,0.405465108,0.405465108,0.405465108,0.405465108,0.405465108,0.405465108,0.405465108,0.405465108,0.405465108,0.405465108,Germany
"Feb,20",0.693147181,0.470003629,0.693147181,0.693147181,0.693147181,0.693147181,0.693147181,0.693147181,0.693147181,0.693147181,0.693147181,0.693147181,0.693147181,0.693147181,0.693147181,0.693147181,0.693147181,0.693147181,0.693147181,0.251314428,0.693147181,0.693147181,0.693147181,0.693147181,0.693147181,0.693147181,0.693147181,0.693147181,0.693147181,0.693147181,0.693147181,0.693147181,0.693147181,0.693147181,0.693147181,0.693147181,Germany
"Mar,20",0.120790081,0.145840988,0.14440718,0.150883771,0.131878044,0.146194504,0.147489003,0.088273207,0.130231665,0.12193706,0.135020596,0.131696866,0.114141198,0.079107983,0.135005232,0.146194504,0.13279906,0.142013833,0.088389737,0.107513369,0.127307686,0.090434865,0.138150338,0.125848896,0.149106256,0.128768607,0.137317842,0.088389737,0.143909823,0.145100844,0.093276625,0.139826544,0.133900601,0.140410661,0.136293062,0.167664399,Germany
"Apr,20",0.231801614,0.327212911,0.356674944,0.326000937,0.312872321,0.260883879,0.299744945,0.214559808,0.328925031,0.282862786,0.263110812,0.31563815,0.271496748,0.219747962,0.312133168,0.3203073,0.235456812,0.357749635,0.216223108,0.197610249,0.317535036,0.259511195,0.314030902,0.308090944,0.332133835,0.350202429,0.273293335,0.219747962,0.304860409,0.272866987,0.20815576,0.221372072,0.282862786,0.308090944,0.287682072,0.321320432,Germany
"May,20",0.296265816,0.262364264,0.229574442,0.236388778,0.217064505,0.146603474,0.203598955,0.229574442,0.197825743,0.217064505,0.27029033,0.251314428,0.187211542,0.211309094,0.262364264,0.236388778,0.211309094,0.27029033,0.217064505,0.223143551,0.25489225,0.177681177,0.251314428,0.197825743,0.296265816,0.331357136,0.247836164,0.223143551,0.30538165,0.278713402,0.158224005,0.182321557,0.182321557,0.262364264,0.236388778,0.262364264,Germany
"Jun,20",0.148262537,0.11826392,0.164874643,0.131266386,0.157436913,0.126441098,0.169602784,0.137430033,0.132424586,0.150282203,0.148262537,0.129077042,0.141904313,0.133531393,0.147014743,0.141904313,0.114880276,0.15415068,0.145555586,0.139761942,0.113023388,0.148894426,0.116313528,0.134656885,0.124642445,0.115354081,0.122102697,0.141313533,0.154814911,0.157436913,0.152191815,0.137430033,0.156160731,0.151549898,0.169602784,0.139171566,Germany
"Jul,20",0.462623522,0.422856851,0.424883194,0.336472237,0.342944751,0.405465108,0.387765531,0.371563556,0.371563556,0.389464767,0.371563556,0.322773392,0.251314428,0.351397887,0.485507816,0.387765531,0.498991166,0.476924072,0.276253377,0.389464767,0.387765531,0.438254931,0.342944751,0.322773392,0.356674944,0.371563556,0.485507816,0.265703166,0.385662481,0.462623522,0.422856851,0.265703166,0.405465108,0.362905494,0.371563556,0.300104592,Germany
"Aug,20",0.645137961,0.617923759,0.677146839,0.995958135,0.763351439,0.678109303,0.701445983,0.55770921,0.648026745,0.785262469,0.817199829,0.607491736,0.74893854,0.693147181,0.943198185,0.850150929,0.780158558,0.791882021,0.619039208,0.781700578,0.53280453,0.781700578,0.718680483,0.575364145,0.628608659,0.693147181,0.638658995,0.570544858,0.755948082,0.684636491,0.762140052,0.619039208,0.577075009,1.03691872,0.971860583,0.701310491,Germany
"Sep,20",0.839750655,0.887303195,1.025281016,1.37431817,0.704446736,0.893817876,0.737598943,1.00144854,0.866418902,0.864997437,0.962275845,0.984853403,0.995428052,0.861138912,0.85105021,0.934309237,1.16315081,0.683096845,0.796331417,0.989412997,0.762140052,0.897941593,0.953104705,1.098612289,1.075355427,0.875468737,1.150572028,0.762140052,0.736632292,0.68289068,0.858226931,1.136352617,1.045123604,1.014351945,0.850776125,0.940983344,Germany
"Oct,20",0.61400986,0.880745794,0.568324116,0.976509592,1.176944132,0.471062391,1.040343381,0.987059803,0.506817602,0.865759923,0.886437769,0.693147181,0.755278962,0.603198944,0.886437769,0.950615474,0.885519073,0.654786313,0.554106132,0.64607967,0.659245629,0.95426998,1.06784063,0.663294217,0.735967178,0.804372816,0.872940291,0.604199695,0.808077147,0.906069178,0.650129795,1.33222714,0.711723566,0.853232596,0.677061043,0.741349282,Germany
"Nov,20",0.619039208,1.089178256,0.684848378,0.969400557,1.461195669,0.563689113,0.840998627,0.950192284,0.663037379,1.05664809,0.543401794,0.856776604,0.680017889,0.566784277,1.009140886,1.006804739,0.902867712,0.668854488,0.697340059,0.933017526,0.577187299,1.089562453,0.5146644,0.659245629,0.946596081,0.945849534,0.98394938,0.747706165,0.831132924,0.891817875,0.829102817,1.020049966,0.641853886,1.09383901,0.757685702,0.799527584,Germany
"Dec,20",0.706570201,0.761667127,0.655875786,1.020834588,1.157452789,0.643754425,0.806087592,0.803148076,0.667668095,0.750114005,0.752501423,0.789823481,0.706305265,0.618558324,1.060871961,0.896088025,0.618578485,0.569393978,0.599511576,0.795703769,0.59351734,1.068153081,0.78845736,0.526093096,0.737296965,0.924521231,0.938269639,0.66750475,0.84729786,0.875468737,0.693147181,1.175870772,0.631015399,0.829962648,0.775953084,0.752918924,Germany
"Jan,21",0.494534704,0.509761228,0.498710648,0.692323118,0.771399377,0.463823743,0.654822066,0.64073002,0.498330446,0.600869435,0.646474772,0.550962952,0.486607541,0.535586939,0.658424274,0.671676496,0.618920858,0.473371986,0.436928378,0.588609372,0.540263563,0.696469443,0.682416578,0.429367401,0.568224162,0.626105529,0.772379844,0.640647856,0.550154218,0.553000549,0.466164853,0.613537762,0.619741456,0.628204537,0.621036742,0.62481242,Germany
"Feb,21",0.25882385,0.357205849,0.262583707,0.358616812,0.36113538,0.273743573,0.393306044,0.351573195,0.314105206,0.282082388,0.377613612,0.307731921,0.343440505,0.391857507,0.359003519,0.400164616,0.36904572,0.291833805,0.322759864,0.383353088,0.272400629,0.411788785,0.351112946,0.291915182,0.309233198,0.37154936,0.372108093,0.305243499,0.36600755,0.341843274,0.2900611,0.324139033,0.370800818,0.351251658,0.342530437,0.353139289,Germany
"Mar,21",0.155382528,0.159940231,0.146619915,0.166085056,0.165191078,0.142415178,0.174965537,0.155016991,0.134330398,0.141452921,0.170164721,0.153688524,0.182688179,0.179971379,0.17812942,0.171081819,0.158541837,0.140674538,0.154140183,0.17678242,0.143120107,0.179467407,0.161976227,0.155567222,0.147782858,0.173572067,0.163580542,0.133236812,0.165154291,0.149922609,0.137440451,0.16305266,0.15820778,0.165447979,0.16609194,0.156150954,Germany
"Apr,21",0.104684245,0.099224626,0.101545835,0.102543021,0.086377976,0.091309363,0.107939639,0.096078131,0.089437321,0.088055883,0.101488868,0.086791426,0.112225813,0.105750691,0.105456165,0.109183186,0.100580591,0.098153092,0.09261081,0.103651702,0.084167456,0.106066076,0.090805037,0.099387396,0.088187435,0.097540676,0.106955621,0.089196121,0.11285521,0.097001317,0.087233208,0.100298674,0.1004281,0.105205561,0.09330972,0.100349137,Germany
"May,21",0.141519677,0.138078501,0.127982085,0.14246851,0.114923158,0.124193207,0.147734682,0.128608426,0.118914338,0.108138665,0.139470789,0.119363371,0.146942211,0.142830985,0.13707435,0.147120941,0.129614606,0.119959688,0.125094715,0.140134197,0.1150109,0.156320258,0.131200023,0.135867302,0.109924997,0.134249088,0.127567429,0.12762213,0.152486543,0.136144066,0.116256677,0.138914135,0.137087902,0.148221809,0.13290519,0.135933819,Germany
"Jun,21",0.303916195,0.28840366,0.291227604,0.343945097,0.179539914,0.274702633,0.3250496,0.27797712,0.21406422,0.203515722,0.261889318,0.273046113,0.325348225,0.262099558,0.252639945,0.32612939,0.284675027,0.270736541,0.295598631,0.319605351,0.21647627,0.338565866,0.310789023,0.283760656,0.189076438,0.311561615,0.290898544,0.251416547,0.342845558,0.304765485,0.240946758,0.284652009,0.285914862,0.305571637,0.276242482,0.301814015,Germany
"Jan,20",0.182321557,0.182321557,0.182321557,0.182321557,0.182321557,0.182321557,0.182321557,0.182321557,0.182321557,0.182321557,0.182321557,0.182321557,0.182321557,0.182321557,0.182321557,0.182321557,0.182321557,0.182321557,0.182321557,0.182321557,0.182321557,0.182321557,0.182321557,0.182321557,0.182321557,0.182321557,0.182321557,0.182321557,0.182321557,0.182321557,0.182321557,0.182321557,0.182321557,0.182321557,0.182321557,0.182321557,Japan
"Feb,20",0.142316222,0.130620182,0.129211731,0.132059722,0.133531393,0.103184236,0.130620182,0.132059722,0.116533816,0.133531393,0.11905936,0.129211731,0.117783036,0.139262067,0.129211731,0.10426101,0.101096117,0.116533816,0.115310847,0.10426101,0.133531393,0.130620182,0.130620182,0.133531393,0.130620182,0.09237332,0.11905936,0.132059722,0.115310847,0.116533816,0.09333194,0.114113307,0.11905936,0.126484147,0.130620182,0.132059722,Japan
"Mar,20",0.101451448,0.109484233,0.097163748,0.102505119,0.081440332,0.081561772,0.102857385,0.103266274,0.073548688,0.09920665,0.103103873,0.105773653,0.084665924,0.071458964,0.103342352,0.094940562,0.095870038,0.097925537,0.065139302,0.065018252,0.092730484,0.106820827,0.102505119,0.10474683,0.096246948,0.099594437,0.10057731,0.063218072,0.093848725,0.115249348,0.062867278,0.089379844,0.084179694,0.106380404,0.098061213,0.102307078,Japan
"Apr,20",0.064845531,0.067255876,0.064426858,0.060103924,0.053185776,0.056740616,0.067402163,0.067852107,0.048022824,0.065490555,0.05732964,0.064566497,0.066111025,0.050116644,0.060729099,0.057770072,0.064706744,0.065240522,0.051402268,0.057968578,0.053351674,0.066807144,0.062816346,0.065348792,0.058853142,0.067519652,0.063224516,0.053003859,0.06214251,0.060991873,0.061120569,0.065151352,0.042953972,0.060989272,0.056840763,0.057819571,Japan
"May,20",0.194642041,0.171014486,0.171850257,0.164068116,0.156904744,0.135860767,0.19803763,0.184343802,0.179693434,0.172906558,0.17246926,0.189657368,0.188279866,0.155791369,0.20285888,0.177037529,0.217268587,0.193681519,0.16763888,0.16019964,0.162903471,0.164996773,0.174191431,0.139921191,0.184265192,0.208935205,0.177140198,0.164656721,0.204794413,0.190353728,0.211505847,0.20840127,0.12537548,0.197298011,0.165249573,0.201778729,Japan
"Jun,20",0.191234883,0.222284814,0.221432687,0.204032043,0.224008978,0.206614249,0.206336433,0.216340804,0.190518324,0.235936903,0.208693661,0.153611451,0.152016207,0.217168288,0.222299313,0.245891689,0.25029454,0.240535294,0.177771663,0.18099793,0.161755279,0.186411542,0.227463212,0.187496213,0.128873722,0.25082698,0.155791369,0.239601264,0.238947216,0.224851494,0.201778729,0.238275126,0.206049118,0.263371483,0.142354296,0.140265425,Japan
"Jul,20",0.071960464,0.105011328,0.083381609,0.098851574,0.11022061,0.057974324,0.093327145,0.093154864,0.098026181,0.08218828,0.096410169,0.083952602,0.074577125,0.102942612,0.079824772,0.092885936,0.09548703,0.118232777,0.0686214,0.085530044,0.088340281,0.075643609,0.101607795,0.049757126,0.10197507,0.069522574,0.115135371,0.074857061,0.106003555,0.103262508,0.0834393,0.114981756,0.124618332,0.080773648,0.077186957,0.11671571,Japan
"Aug,20",0.076845474,0.111364955,0.089048927,0.115284688,0.123738979,0.066879768,0.105102001,0.10503473,0.093794851,0.088987897,0.096154541,0.081252219,0.062520357,0.11062188,0.091646379,0.092410787,0.100190876,0.122383474,0.064633791,0.095193398,0.093909701,0.084017714,0.111225635,0.06240989,0.100114602,0.083381609,0.117153418,0.094086439,0.102543749,0.105818676,0.106045213,0.116932805,0.118265205,0.092158476,0.083318872,0.127752012,Japan
"Sep,20",0.210564769,0.251974799,0.205080846,0.236631011,0.27961501,0.150093879,0.207228096,0.223143551,0.249198305,0.198582078,0.217795945,0.218907674,0.19472207,0.223371057,0.193968062,0.221794327,0.211945226,0.28390135,0.161442531,0.224497037,0.183564565,0.178634431,0.246970887,0.150282203,0.214189296,0.190540292,0.255972099,0.228893998,0.234520238,0.238094951,0.256901035,0.228947398,0.266394827,0.18125261,0.182146287,0.283230555,Japan
"Oct,20",0.197982397,0.212405476,0.230709792,0.226124179,0.246173029,0.181992122,0.242841318,0.227783931,0.193327171,0.195212167,0.206491918,0.203519046,0.185934633,0.247889767,0.171594979,0.171280825,0.190218767,0.221676507,0.147196921,0.217905195,0.212650276,0.1899666,0.224623936,0.154418669,0.222089255,0.188529713,0.243535082,0.225682698,0.254432685,0.229900334,0.17262471,0.209361579,0.168349274,0.190273885,0.215799577,0.18046986,Japan
"Nov,20",0.147464046,0.156464603,0.157680511,0.193014863,0.170711733,0.142614107,0.170202389,0.166691963,0.131675584,0.162234798,0.185454334,0.136390889,0.116577853,0.203449762,0.118572346,0.126718966,0.147469817,0.150199907,0.095339995,0.172002801,0.194243741,0.118195167,0.180250532,0.133144321,0.174837318,0.13443678,0.175608074,0.176113759,0.182687924,0.166664947,0.181648794,0.150150573,0.127124048,0.137165558,0.139262067,0.141724348,Japan
"Dec,20",0.179858106,0.221511786,0.177915553,0.229213235,0.184930821,0.141110632,0.219942394,0.18979681,0.177411769,0.188299894,0.189421581,0.152558182,0.143319983,0.194618276,0.132619307,0.166875593,0.137127739,0.187501797,0.095538436,0.229052321,0.221519149,0.128475478,0.192991401,0.166504252,0.187684666,0.14666858,0.191646992,0.185603263,0.194452603,0.183467114,0.187020644,0.165795205,0.161903943,0.16734733,0.186130811,0.1999417,Japan
"Jan,21",0.170649167,0.186640735,0.179527871,0.1950049,0.189668964,0.12528505,0.179446403,0.176832736,0.151127466,0.175036726,0.192013606,0.141092541,0.139077119,0.168716903,0.129338131,0.18580155,0.130836629,0.176580269,0.106966223,0.214978363,0.192512585,0.136597875,0.180747992,0.183982227,0.15831166,0.13498978,0.173555992,0.185999056,0.193884535,0.18476356,0.161727117,0.14619021,0.159017019,0.180828895,0.16099902,0.165084503,Japan
"Feb,21",0.31698789,0.283030901,0.279496488,0.300486345,0.26298946,0.224204493,0.306473441,0.321166581,0.226552822,0.264761288,0.310245412,0.263762796,0.243132903,0.289010976,0.23519189,0.288850005,0.206577189,0.27925236,0.238824467,0.401556637,0.25581894,0.246850055,0.271053821,0.303876758,0.262764045,0.289782825,0.269342029,0.253339044,0.330407017,0.269580919,0.226297445,0.221903626,0.311089284,0.337076953,0.338034776,0.298065856,Japan
"Mar,21",0.167380929,0.255469122,0.17892366,0.229940568,0.213876901,0.193745495,0.237772861,0.188091284,0.184586878,0.191644884,0.192946912,0.188625538,0.233541856,0.247685728,0.221579376,0.200543078,0.185964548,0.236698328,0.203829769,0.257952956,0.189299952,0.225303064,0.175578817,0.203298619,0.216414167,0.233700834,0.209204644,0.17747959,0.240233983,0.153851771,0.200954182,0.154488347,0.209187462,0.186741753,0.180371133,0.217611034,Japan
"Apr,21",0.051181006,0.107682393,0.089011709,0.09810928,0.087845569,0.085069982,0.093963333,0.080706921,0.097153529,0.082509733,0.076259494,0.067260841,0.10591155,0.101535149,0.098188937,0.097611291,0.094941697,0.113317532,0.076727021,0.114990206,0.084975676,0.117713213,0.073121115,0.066700843,0.091257517,0.112496631,0.095115137,0.070772007,0.109578623,0.054408018,0.086890172,0.059551162,0.07932509,0.071324781,0.082828494,0.107416219,Japan
"May,21",0.11884787,0.224846646,0.190803372,0.216831697,0.170567428,0.171163292,0.209919867,0.201102768,0.159410543,0.161567969,0.155946881,0.174393148,0.22044296,0.211225136,0.151856725,0.174353387,0.127935407,0.215134355,0.186261894,0.209549459,0.135127053,0.227883918,0.132250983,0.164788337,0.13748553,0.208188809,0.173271721,0.171780172,0.215750853,0.127621048,0.150418636,0.133215387,0.161247074,0.185614797,0.199522037,0.193265578,Japan
"Jun,21",0.357674444,0.385662481,0.505935638,0.372675285,0.412244795,0.267203541,0.384411699,0.441056053,0.412109651,0.399034218,0.375906306,0.369217318,0.375906306,0.336472237,0.27684773,0.475734304,0.395514777,0.430245137,0.498991166,0.538996501,0.398907708,0.450927482,0.368486105,0.545916944,0.37525133,0.39803013,0.369920171,0.487295126,0.478999192,0.333894916,0.369920171,0.388486772,0.405465108,0.525010259,0.448024723,0.382091757,Japan
"Mar,20",0.25841169,0.202073712,0.241744977,0.184192465,0.247524751,0.186665343,0.250384196,0.216671037,0.212058719,0.217550249,0.229574442,0.199287091,0.216873938,0.129631063,0.241744977,0.197825743,0.193243606,0.233614851,0.121555202,0.120864702,0.180454143,0.125163143,0.209091798,0.183588181,0.188711355,0.195744577,0.248461359,0.109433841,0.252251635,0.228841572,0.124751705,0.194381367,0.214339973,0.239143893,0.204215541,0.264990661,Scotland
"Apr,20",0.160665361,0.16070808,0.160503843,0.151381873,0.138524177,0.127216532,0.1573817,0.086929993,0.148420005,0.1359819,0.152002451,0.139670789,0.118464467,0.096300769,0.145551396,0.142888957,0.155389454,0.148788737,0.076218611,0.102334795,0.115158512,0.104459209,0.150504368,0.16739178,0.123829486,0.145036536,0.103853356,0.094498967,0.144457551,0.171036635,0.098786535,0.134191154,0.136325992,0.155226527,0.141970261,0.153530717,Scotland
"May,20",0.334934957,0.318453731,0.319353416,0.25022451,0.321320432,0.217912502,0.290154262,0.235905803,0.352220594,0.268813588,0.324239668,0.303186259,0.25029454,0.249215792,0.295229278,0.258694536,0.24387945,0.305935513,0.207639365,0.217912502,0.188052232,0.25029454,0.275931056,0.317535036,0.247152091,0.249215792,0.219628609,0.265376315,0.312872321,0.31563815,0.221236973,0.328925031,0.237849699,0.336472237,0.287682072,0.385662481,Scotland
"Jun,20",1.011600912,2.397895273,1.791759469,0.887303195,1.466337069,0.916290732,0.559615788,0.887303195,1.609437912,1.791759469,0.944461609,0.641853886,0.587786665,2.397895273,0.575364145,1.540445041,0.916290732,1.704748092,0.810930216,0.753771802,0.646627165,1.252762968,1.704748092,2.302585093,2.397895273,1.871802177,0.944461609,1.32175584,1.041453875,1.223775432,0.575364145,1.299282984,1.446918983,2.397895273,1.791759469,1.945910149,Scotland
"Jul,20",0.287682072,0.385662481,0.262364264,0.362905494,0.382992252,0.167054085,0.362905494,0.382992252,0.36772478,0.36772478,0.405465108,0.382992252,0.427444015,0.382992252,0.382992252,0.382992252,0.344840486,0.382992252,0.382992252,0.382992252,0.385662481,0.382992252,0.344840486,0.344840486,0.382992252,0.362905494,0.385662481,0.167054085,0.287682072,0.385662481,0.470003629,0.385662481,0.313657559,0.344840486,0.427444015,0.405465108,Scotland
"Aug,20",0.348642772,0.406502991,0.326955908,0.473721874,0.407520607,0.375044511,0.528969876,0.460563789,0.392523165,0.392445395,0.442291995,0.391562203,0.379644408,0.433116639,0.548804872,0.571188773,0.549752694,0.451414998,0.284463531,0.379332968,0.313957214,0.37653541,0.53569369,0.36884548,0.573633399,0.451698303,0.500569124,0.473661426,0.527063185,0.388999845,0.4921085,0.544868508,0.425247117,0.395250515,0.391725932,0.421892582,Scotland
"Sep,20",0.234624734,0.289199754,0.244970954,0.335397545,0.28347154,0.218013619,0.361174091,0.335191006,0.268123754,0.343149154,0.304647607,0.331126109,0.359323952,0.301154413,0.309492183,0.402232595,0.367318235,0.201249567,0.147932744,0.296581932,0.263171765,0.341241138,0.374693449,0.193584749,0.411558401,0.376763586,0.315852949,0.311226961,0.398506138,0.299922127,0.353943945,0.367622755,0.247439956,0.294457583,0.233284483,0.27842413,Scotland
"Oct,20",0.249775374,0.318225863,0.291067212,0.350380667,0.382192326,0.294852797,0.319609667,0.345059185,0.271315095,0.36999072,0.404997491,0.300058468,0.331686658,0.357477834,0.295664921,0.370213117,0.317191901,0.201843029,0.186608809,0.35734586,0.27187736,0.372675285,0.346148531,0.234706995,0.328196327,0.394322932,0.318567789,0.307741378,0.360126428,0.409760032,0.371103681,0.312188483,0.291988446,0.319371583,0.289199754,0.400394805,Scotland
"Nov,20",0.376051223,0.445906078,0.394850907,0.489385293,0.504746578,0.470003629,0.468777388,0.475016171,0.362540063,0.466283848,0.570789089,0.478629684,0.530628251,0.471246637,0.414767501,0.417735201,0.368050672,0.29657102,0.360497416,0.461345567,0.409939389,0.444199617,0.48988245,0.417849167,0.390737301,0.437800489,0.402457587,0.364039066,0.442181124,0.542713977,0.485132511,0.345549455,0.355418925,0.371412965,0.36705566,0.527527473,Scotland
"Dec,20",0.42073258,0.476367744,0.503676844,0.563011377,0.538760401,0.412279445,0.506817602,0.48191428,0.337776018,0.469334957,0.426191239,0.455409785,0.530456739,0.553989285,0.5338814,0.564721392,0.464463449,0.412385551,0.469005791,0.488352768,0.426586933,0.513607267,0.551331459,0.502314934,0.389218492,0.520775955,0.45247115,0.39877612,0.584308401,0.395414772,0.516589328,0.379623877,0.558343253,0.513095772,0.473518571,0.60323641,Scotland
"Jan,21",0.215833988,0.283012803,0.207755745,0.264223577,0.23183433,0.218706388,0.25509263,0.24424499,0.185981213,0.240475668,0.250209334,0.203206837,0.275680885,0.26049394,0.260512698,0.284294447,0.267062785,0.213283782,0.230410747,0.248980705,0.184259397,0.254941802,0.287682072,0.221236973,0.215906803,0.228220182,0.247527979,0.219589156,0.297071813,0.231402505,0.2591087,0.230551696,0.298969763,0.271885566,0.245898554,0.291075889,Scotland
"Feb,21",0.172161147,0.207358942,0.182917564,0.164009488,0.204613875,0.1667253,0.191948587,0.17916449,0.196420481,0.190097491,0.1786417,0.166455981,0.192613701,0.20453644,0.200448127,0.201151972,0.205497014,0.196768036,0.153061236,0.184188722,0.151050914,0.175789855,0.191783367,0.188291724,0.191368984,0.158420681,0.180031355,0.150511646,0.215511193,0.167506471,0.204505613,0.172898637,0.19576244,0.182453928,0.17304853,0.20594736,Scotland
"Mar,21",0.187748979,0.166011389,0.174120463,0.164954984,0.200565139,0.158980844,0.171977194,0.136196876,0.196008612,0.154687593,0.139022471,0.14286272,0.179743711,0.178172004,0.165479223,0.189952383,0.160025341,0.197859795,0.144641323,0.182511148,0.15543442,0.151978056,0.190920202,0.167250266,0.123012633,0.159550225,0.166893764,0.150154536,0.194214389,0.165135312,0.144113094,0.16655039,0.138642365,0.180451105,0.165639057,0.17820217,Scotland
"Apr,21",0.189593214,0.250879315,0.202151582,0.178211481,0.163785069,0.155658597,0.202467591,0.15856007,0.151677052,0.133034251,0.148990881,0.161214884,0.184618986,0.196255616,0.190313102,0.253258346,0.161639146,0.219666386,0.175271058,0.192636835,0.130748162,0.183632239,0.230920279,0.18385752,0.120881892,0.178043395,0.203838715,0.193347919,0.241796212,0.202890327,0.147701252,0.195689992,0.174281312,0.192082172,0.159729465,0.198845801,Scotland
"May,21",0.123143658,0.133276587,0.091644304,0.108969954,0.034948551,0.080527545,0.104969935,0.099932677,0.035182299,0.034912096,0.059118421,0.101739634,0.084060434,0.082059426,0.052218435,0.117296502,0.075681948,0.069648695,0.085490796,0.114805735,0.035062022,0.086860125,0.114227548,0.066482276,0.02671985,0.086204519,0.121979945,0.079399177,0.116861253,0.135091833,0.056425947,0.062144715,0.108811447,0.124351455,0.089130129,0.106193502,Scotland
"Jun,21",0.126607305,0.107814392,0.110114715,0.112126565,0.053078415,0.07387974,0.122584535,0.101526069,0.039810294,0.041491852,0.075894157,0.111937592,0.108591779,0.07052806,0.058848593,0.124209529,0.088834889,0.08912892,0.098053851,0.12672216,0.044427527,0.104909557,0.126689154,0.083814264,0.047252885,0.112803576,0.133002505,0.086937888,0.130954374,0.139637829,0.070503402,0.076950307,0.105935759,0.128536845,0.092320884,0.110691526,Scotland
"Jan,20",0.287682072,0.223143551,0.287682072,0.223143551,0.693147181,0.559615788,0.105360516,0.470003629,0.470003629,0.223143551,0.693147181,0.559615788,0.405465108,0.693147181,0.223143551,0.223143551,0.09531018,0.559615788,0.223143551,0.693147181,0.693147181,0.693147181,0.223143551,0.470003629,0.223143551,0.287682072,0.693147181,0.470003629,0.693147181,0.693147181,0.693147181,0.693147181,0.693147181,0.287682072,0.287682072,0.105360516,USA
"Feb,20",0.1198012,0.117783036,0.1198012,0.1198012,0.098440073,0.096849826,0.115831816,0.117783036,0.133531393,0.1198012,0.115831816,0.1198012,0.098440073,0.1198012,0.117783036,0.1198012,0.1198012,0.113944259,0.135801541,0.09531018,0.096849826,0.098440073,0.1198012,0.115831816,0.1198012,0.096849826,0.1198012,0.113944259,0.117783036,0.062520357,0.117783036,0.117783036,0.1198012,0.1198012,0.096849826,0.117783036,USA
"Mar,20",0.073868862,0.071311591,0.079980761,0.076806659,0.079025148,0.074781062,0.068855883,0.075193271,0.074016889,0.061067917,0.062145002,0.075420346,0.074051019,0.049938726,0.072438854,0.077728508,0.065436759,0.074028262,0.045100082,0.053289435,0.071173851,0.048790164,0.062307033,0.074861732,0.078065836,0.065416749,0.079956176,0.045568368,0.075330082,0.076032901,0.049599434,0.067874457,0.073013905,0.067198528,0.060275623,0.075935166,USA
"Apr,20",0.113029039,0.113337486,0.121124168,0.111679924,0.120781539,0.094828368,0.115580392,0.104943353,0.109038343,0.105728095,0.10266008,0.107980915,0.123036331,0.094631033,0.11717869,0.114188794,0.102677914,0.114805366,0.082363255,0.088865944,0.101250138,0.090126271,0.11451052,0.102719669,0.102190941,0.099090903,0.094301032,0.078859696,0.118530327,0.116789494,0.085545537,0.116220728,0.095814251,0.11852736,0.100937558,0.120508363,USA
"May,20",0.152579588,0.131718156,0.157399084,0.144601536,0.168391467,0.138261567,0.152686218,0.146972043,0.12117632,0.157392174,0.140415651,0.13275949,0.144291445,0.114219039,0.170079722,0.162698834,0.152981951,0.16183475,0.124177911,0.116062959,0.106486828,0.129097177,0.152088357,0.14263616,0.149599648,0.156831036,0.135394034,0.120189052,0.159548116,0.137948705,0.110456996,0.15278632,0.131892684,0.158258711,0.131166868,0.148808194,USA
"Jun,20",0.174306077,0.151777811,0.170320626,0.179500262,0.167864896,0.143214055,0.152359294,0.155760089,0.125455512,0.169834659,0.150255556,0.131889901,0.167054085,0.165771961,0.185449119,0.170579353,0.165771961,0.182371471,0.142078755,0.152509182,0.143403141,0.167548645,0.177234247,0.150369025,0.159064695,0.157961786,0.158111081,0.149603262,0.169433328,0.160546542,0.135162007,0.162547864,0.150736654,0.180436542,0.168632831,0.17242,USA
"Jul,20",0.187911286,0.061772268,0.168585377,0.20575506,0.120673532,0.124706297,0.087330856,0.1131297,0.160631584,0.150739239,0.167450858,0.16398458,0.172718689,0.115738136,0.206118714,0.085297581,0.094570235,0.094957757,0.086500782,0.201915251,0.08996483,0.222098867,0.136228527,0.189851713,0.075364539,0.163077673,0.18506098,0.186872275,0.189949246,0.175479018,0.151075702,0.147537297,0.048824695,0.141915568,0.035176881,0.212011711,USA
"Aug,20",0.339756312,0.316533976,0.346382507,0.310154928,0.323651548,0.309379434,0.29479954,0.261092618,0.241093962,0.3439711,0.33428883,0.259313156,0.340052843,0.340926587,0.320886704,0.329837946,0.257739716,0.295128506,0.322222398,0.329273002,0.265135202,0.316715104,0.3478546,0.298889525,0.293798299,0.288954175,0.292791946,0.272367837,0.351964413,0.328762098,0.268205801,0.318942896,0.28639391,0.364611937,0.326437417,0.367116851,USA
"Sep,20",0.379368204,0.387115969,0.390461942,0.365256799,0.417562817,0.347210804,0.393877493,0.322700022,0.308638628,0.337871817,0.37265026,0.295416063,0.344747268,0.396901412,0.396097358,0.367637364,0.238323015,0.340220484,0.316834143,0.374413768,0.343324186,0.439639288,0.398830937,0.374765203,0.373021674,0.303430429,0.327513264,0.283816586,0.414198788,0.365347264,0.287937925,0.39076465,0.325903285,0.389464767,0.306097844,0.321771778,USA
"Oct,20",0.46149294,0.390150873,0.546149385,0.443713778,0.456980971,0.428578204,0.493929762,0.42427444,0.385907099,0.452597119,0.47362335,0.36772478,0.439951284,0.484841016,0.450766169,0.461748741,0.452133173,0.453917491,0.418668363,0.489603745,0.475286262,0.471062391,0.448528813,0.451242126,0.338939343,0.392581652,0.446155946,0.378686989,0.519483687,0.46936891,0.397802235,0.474007428,0.396332625,0.483142195,0.493840077,0.520068491,USA
"Nov,20",0.357823221,0.326990666,0.395749764,0.333913701,0.359682465,0.312533051,0.38266868,0.342591399,0.266142176,0.314926783,0.345843363,0.287384054,0.326271092,0.353238514,0.377018746,0.357826649,0.351507412,0.331816624,0.357149378,0.363709976,0.321801172,0.349506454,0.334448065,0.354141721,0.287583604,0.324648917,0.344434158,0.313215374,0.377319272,0.378275543,0.260440795,0.366663667,0.292799187,0.384888555,0.330424495,0.346441092,USA
"Dec,20",0.257512137,0.076063958,0.307922456,0.293615733,0.204860666,0.210284083,0.147893691,0.211074297,0.248168263,0.212579075,0.221911306,0.267459435,0.221806653,0.24435887,0.315619931,0.163914775,0.149840047,0.17352062,0.140446662,0.309408746,0.181631956,0.300811364,0.243926592,0.207639365,0.123303554,0.30380415,0.282376543,0.276365126,0.274316867,0.307690015,0.14732261,0.275904634,0.07661614,0.228433329,0.06689907,0.298005446,USA
"Jan,21",0.198950347,0.199152426,0.212879854,0.197209494,0.205068982,0.179423877,0.226151434,0.209813524,0.168454871,0.17609665,0.22215523,0.205776322,0.170994336,0.225397691,0.202191365,0.225675046,0.198154555,0.217351717,0.204631202,0.21982326,0.191467256,0.210047035,0.206586585,0.212308767,0.128578275,0.190631324,0.203800221,0.184713856,0.223987891,0.217481333,0.10051939,0.207458403,0.181719932,0.214069634,0.215982787,0.196243974,USA
"Feb,21",0.193941929,0.203371238,0.184297692,0.221255098,0.188679324,0.186694704,0.234928471,0.191752391,0.167693939,0.168051808,0.210619946,0.214792959,0.185903772,0.226089816,0.209897988,0.211128337,0.189739776,0.229367277,0.197699833,0.223938821,0.185092432,0.221523326,0.220767262,0.208779528,0.125506845,0.208237665,0.216154262,0.175920165,0.220604795,0.204868419,0.098315093,0.173108351,0.204109811,0.222811398,0.217850379,0.192763899,USA
"Mar,21",0.095148294,0.044477711,0.079865268,0.128343748,0.085244614,0.101852192,0.098412771,0.093510908,0.092201236,0.088972756,0.090651771,0.135467766,0.118344723,0.102794983,0.128839838,0.086355475,0.067751982,0.106685721,0.080378474,0.118213674,0.086168999,0.130241073,0.118674796,0.101037951,0.065415251,0.11697269,0.100044827,0.096004356,0.106284096,0.087732711,0.067460572,0.074758725,0.039300899,0.122456621,0.051752038,0.115579948,USA
"Apr,21",0.050152557,0.049238226,0.046133091,0.068282392,0.048391946,0.053296599,0.06156069,0.057868072,0.049148467,0.050821017,0.048142244,0.070185647,0.073063025,0.064503716,0.06426106,0.054716358,0.040745486,0.045216381,0.047285703,0.059822169,0.047889428,0.067741106,0.064313027,0.068651,0.04323444,0.064805188,0.04660317,0.056385521,0.057800358,0.053499204,0.042188148,0.040113048,0.048031984,0.06582391,0.045841749,0.062228437,USA
"May,21",0.086966963,0.095961635,0.083625917,0.100278667,0.072601704,0.081431159,0.107193969,0.092167084,0.069369891,0.079649354,0.084239024,0.113312019,0.112495711,0.097455687,0.086673562,0.092316888,0.067850869,0.062449865,0.081326323,0.085949843,0.078000357,0.106400403,0.098487795,0.11359964,0.070131129,0.100766213,0.068267007,0.089073367,0.090032273,0.091192771,0.073610684,0.072795308,0.097361145,0.100666038,0.095372518,0.097052328,USA
"Jun,21",0.288280861,0.281026474,0.317812467,0.304355705,0.201482055,0.241977549,0.336944702,0.298186808,0.177468634,0.258802604,0.284798049,0.320787373,0.31228141,0.288192525,0.256160838,0.315777879,0.214205058,0.235042974,0.275210926,0.270180655,0.246827229,0.315122035,0.326118343,0.293335208,0.22459987,0.313789771,0.246126703,0.289341824,0.308735482,0.287081818,0.24148885,0.266708433,0.30783805,0.348491948,0.311874532,0.311548657,USA
"Mar,20",0.43936666,0.374693449,0.405465108,0.524524468,0.416893804,0.344840486,0.405465108,0.157185584,0.332133835,0.356674944,0.382992252,0.328504067,0.287682072,0.178691789,0.332133835,0.382992252,0.348306694,0.294239473,0.198450939,0.254234138,0.262364264,0.15123097,0.362905494,0.301105093,0.268263987,0.426084395,0.18610228,0.182321557,0.393904286,0.374693449,0.141650517,0.344840486,0.204794413,0.382992252,0.287682072,0.344840486,Wales
"Apr,20",0.530628251,0.725937003,0.552068582,0.860201265,0.451985124,0.955511445,0.693147181,0.693147181,0.567984038,0.773189888,0.897941593,0.661398482,0.594707108,0.552068582,0.836248024,0.860201265,0.659245629,0.661398482,0.435318071,0.723918839,0.481838087,0.575364145,0.693147181,0.521296924,0.624154309,0.628608659,0.521296924,0.60077386,1.064710737,0.730887509,0.693147181,0.567984038,0.635988767,1.060871961,0.693147181,0.969400557,Wales
"May,20",0.47957308,0.500775288,0.352821375,0.500775288,0.264692554,0.390866309,0.36772478,0.451985124,0.559615788,0.489548225,0.502091944,0.448024723,0.377294231,0.341749294,0.500775288,0.510825624,0.492476485,0.519875459,0.448024723,0.538996501,0.492476485,0.432864082,0.418710335,0.519875459,0.464305608,0.510825624,0.448024723,0.481838087,0.481838087,0.419853846,0.432864082,0.336472237,0.352821375,0.500775288,0.521296924,0.519875459,Wales
"Jun,20",0.223143551,0.298492989,0.30538165,0.238411023,0.257222865,0.317095958,0.287682072,0.230905557,0.306166887,0.329753286,0.29479954,0.228258652,0.317095958,0.302280872,0.309188278,0.291197015,0.180381692,0.213093215,0.261364764,0.317095958,0.302280872,0.225671998,0.321204764,0.27388875,0.270645885,0.243977638,0.30538165,0.241162057,0.29479954,0.306166887,0.291197015,0.228258652,0.29479954,0.254234138,0.332133835,0.277631737,Wales
"Jul,20",0.435318071,0.435318071,0.405465108,0.435318071,0.435318071,0.435318071,0.379489622,0.271933715,0.379489622,0.435318071,0.435318071,0.379489622,0.30538165,0.435318071,0.435318071,0.379489622,0.379489622,0.435318071,0.435318071,0.435318071,0.435318071,0.435318071,0.492476485,0.435318071,0.405465108,0.435318071,0.435318071,0.435318071,0.435318071,0.435318071,0.30538165,0.405465108,0.492476485,0.379489622,0.379489622,0.435318071,Wales
"Aug,20",0.555946059,0.709676483,0.678758443,0.932820034,0.836248024,0.679541529,0.8001193,0.958850346,0.916290732,0.664976304,0.842678915,0.965080896,0.78845736,0.814508038,0.916290732,0.952008814,0.709676483,0.630233355,0.664976304,0.955511445,0.731861693,0.625093717,1.019831411,0.537142932,1.261131218,0.679541529,0.768370602,0.931558204,0.885038188,0.593063722,1.187165686,1.149905583,0.916290732,0.587786665,0.531879033,1.131402111,Wales
"Sep,20",0.238289317,0.223933753,0.339677368,0.22927854,0.291910409,0.202677721,0.354131296,0.227490525,0.345121978,0.338387946,0.357138873,0.236179485,0.331698958,0.31466698,0.265840331,0.268633877,0.409697023,0.318650911,0.217765129,0.290902687,0.330579833,0.359200488,0.294444127,0.142404949,0.368807617,0.358062869,0.256990457,0.210394682,0.342872258,0.4094925,0.417918569,0.311342048,0.272225814,0.330030991,0.296646013,0.283967555,Wales
"Oct,20",0.324776197,0.300514513,0.388844227,0.294644413,0.390785945,0.203858902,0.369262059,0.3142491,0.375028964,0.399069472,0.382865276,0.404520375,0.405465108,0.306895555,0.330676169,0.317766525,0.5218041,0.320270262,0.237408482,0.356674944,0.388726423,0.421786291,0.333927706,0.208325189,0.406882543,0.448390153,0.2773003,0.295950379,0.277996767,0.470581274,0.417563906,0.336848601,0.297704935,0.345279564,0.378928809,0.381268538,Wales
"Nov,20",0.30523544,0.309972762,0.395628114,0.337852499,0.373418984,0.183858246,0.41576386,0.303041306,0.440444827,0.365218228,0.446614381,0.380055393,0.434214521,0.342760928,0.473721874,0.36605114,0.41321108,0.309232419,0.307244248,0.360535677,0.429390912,0.416753068,0.361739671,0.281437188,0.331794103,0.458095122,0.311533288,0.407533361,0.276434848,0.444897708,0.433373896,0.312542879,0.320961884,0.445512609,0.373873142,0.389851595,Wales
"Dec,20",0.287439325,0.331838793,0.320455734,0.385492975,0.392071243,0.176321399,0.48907489,0.270939275,0.404339616,0.350061983,0.464966604,0.328173434,0.43402216,0.341443249,0.471817963,0.323522737,0.437607275,0.315434101,0.317624429,0.32322701,0.394536038,0.356041163,0.316203201,0.298207197,0.370678992,0.349454696,0.308843023,0.203047687,0.352679565,0.408128226,0.458342561,0.332802508,0.319375305,0.366900853,0.431634826,0.387607491,Wales
"Jan,21",0.299912672,0.403960217,0.278203328,0.357095613,0.343345116,0.173647515,0.37578934,0.299084705,0.317956837,0.300871905,0.357802658,0.29454821,0.384348185,0.42159449,0.407991,0.346242028,0.395866651,0.302398057,0.309174055,0.345937896,0.321583624,0.31121257,0.351243554,0.343570058,0.284438476,0.349198791,0.326160898,0.217572506,0.396093893,0.33369831,0.356387546,0.359611804,0.359803947,0.337833707,0.352132063,0.376247878,Wales
"Feb,21",0.2244556,0.362501232,0.277561992,0.309674043,0.320390943,0.174353387,0.366104034,0.256910414,0.244927031,0.275539686,0.254072705,0.271051492,0.347161612,0.345745873,0.317216873,0.333911416,0.338466978,0.281120761,0.276495615,0.311055424,0.247620298,0.294594196,0.260448054,0.293652239,0.255713907,0.266238191,0.312404106,0.192957261,0.31834163,0.332950127,0.285028378,0.271714249,0.322773392,0.258802296,0.298804989,0.316527276,Wales
"Mar,21",0.251703761,0.351642487,0.274156433,0.293141595,0.27621198,0.275677126,0.289194246,0.265899919,0.228943255,0.227578148,0.25841169,0.261645099,0.281914869,0.336472237,0.331424082,0.265624546,0.278615827,0.316316377,0.254569428,0.322729464,0.254162695,0.283440927,0.283753982,0.260997833,0.330123009,0.266603661,0.327838032,0.238791903,0.346531934,0.239542885,0.32381384,0.267431232,0.283126256,0.330926936,0.298172758,0.295860219,Wales
"Apr,21",0.270600335,0.325076738,0.264125991,0.41400487,0.192077732,0.276151351,0.330340731,0.396259059,0.188126152,0.169188557,0.271651906,0.280840541,0.361262108,0.375527826,0.295286672,0.347260818,0.303280639,0.298981628,0.261916937,0.404298927,0.252911873,0.281667017,0.28288413,0.250527213,0.19718197,0.268176578,0.362325615,0.307256676,0.356177308,0.238202015,0.288807565,0.221507336,0.394579867,0.440042242,0.356344311,0.368733099,Wales
"May,21",0.219409882,0.249879708,0.247758237,0.277829776,0.16265479,0.191184244,0.183741003,0.182798998,0.146963208,0.24049219,0.192444564,0.158494221,0.262113669,0.183278953,0.188135527,0.242513104,0.173461625,0.239622411,0.182798998,0.263624504,0.167682686,0.200126181,0.226124179,0.202026628,0.126207685,0.215305103,0.179468488,0.160444957,0.270027137,0.215305103,0.197530975,0.198275485,0.268836779,0.201482055,0.285127793,0.250966057,Wales
"Jun,21",0.405465108,0.403641954,0.326215736,0.400215752,0.252702354,0.329646272,0.349754501,0.312374685,0.251789149,0.216774103,0.201739643,0.330989015,0.27319714,0.233435237,0.171653115,0.30346594,0.259014178,0.347453816,0.359184356,0.331721634,0.139444532,0.318897092,0.332439973,0.317196133,0.198914152,0.332342843,0.40187444,0.311371844,0.338550519,0.193681519,0.333065078,0.302280872,0.414338281,0.311102347,0.412764411,0.30538165,Wales
